aspect,cosineCorr,cosineCorrPVal,manhattanCorr,manhattanCorrPVal,euclidianCorr,euclidianCorrPVal 
MF,-0.06286407522424393,0.3261322525455822,0.18544122299853089,0.0035106737585576106,0.1829947422832073,0.003978013460300807
BP,0.31266384656794194,5.295707512267351e-07,0.2952566916292122,2.329746579400883e-06,0.30395907459139887,1.124248899448724e-06
CC,0.04753527160564346,0.4589005793735501,0.20583358493337364,0.0011949062421632408,0.20888460942153755,0.0010047265600542702
