Model	Accuracy	F1_Micro	F1_Macro	F1_Weighted	Precision_Micro	Precision_Macro	Precision_Weighted	Recall_Micro	Recall_Macro	Recall_Weighted	Hamming_Distance
mut2vec_CC_Low_Specific	0.15273	0.25688	0.21333	0.18546	1.0	0.28	0.29091	0.15273	0.188	0.15273	0.16946
mut2vec_BP_Low_Specific	0.33333	0.4737	0.23029	0.35929	0.85	0.25	0.42847	0.33333	0.22381	0.33333	0.14722
mut2vec_BP_Low_Shallow	0.04	0.06667	0.02667	0.05333	0.2	0.04	0.08	0.04	0.02	0.04	0.192
mut2vec_BP_Low_Normal	0.0	0.0	0.0	0.0	0.0	0.0	0.0	0.0	0.0	0.0	0.2
mut2vec_MF_Low_Shallow	0.36944	0.48811	0.27067	0.36361	0.88	0.28	0.40111	0.35944	0.28667	0.35944	0.15111
mut2vec_CC_Low_Normal	0.10667	0.17939	0.07867	0.14059	0.6	0.12	0.21555	0.10667	0.06	0.10667	0.17867
mut2vec_CC_Low_Shallow	0.27273	0.407	0.16337	0.31752	0.9	0.22	0.43636	0.27273	0.14133	0.27273	0.15636
mut2vec_MF_Low_Normal	0.48571	0.62909	0.25867	0.51524	0.9	0.29667	0.61825	0.48571	0.25067	0.48571	0.11524
mut2vec_MF_Low_Specific	0.44167	0.55099	0.31041	0.47589	0.8	0.376	0.62278	0.44167	0.3	0.44167	0.13167
