aspect,cosineCorr,cosineCorrPVal,manhattanCorr,manhattanCorrPVal,euclidianCorr,euclidianCorrPVal,random_cosineCorr,random_cosineCorrPVal,random_manhattanCorr,random_manhattanCorrPVal,random_euclidianCorr,random_euclidianCorrPVal
MF,-0.039360126394786206,0.5389289889673823,0.037544813521340197,0.55782521975525,0.04983686769859518,0.4364727787706798
BP,-0.4925860921140228,1.6732887251948711e-16,0.4822408636127631,8.634372908060867e-16,0.4962874716901798,9.176679617487395e-17
CC,-0.4738956690421547,5.947607454519805e-15,0.5033396964743626,6.003047049037164e-17,0.5055615038011618,4.166986047730295e-17
